Päiväys,Aika,Tuote,ISIN,Reference exchange,Venue,Quantity,Kurssi,,Markkina-arvo,,Value EUR,Vaihtokurssi,AutoFX Fee,Transaction and/or third party fees EUR,Kokonaissumma EUR,Order ID,
17-12-2025,15:04,ROLLS-ROYCE HOLDINGS PLC,GB00B63H8491,LSE,XLON,70,"1124,5000",GBX,"−78715,00",GBX,"−896,22","87,8302","−2,24","−4,90","−901,12",,ace9180b-cee6-4d82-8b10-b9ba32132ec3
16-12-2025,11:39,VANGUARD FTSE ALL-WORLD UCITS - (USD) ACCUMULATING ETF,IE00BK5BQT80,XET,XETA,−6,"142,9200",EUR,"857,52",EUR,"857,52",,"0,00","−3,00","854,52",,b903c431-a183-4acb-a822-12d44962a865
17-11-2025,11:18,DRONESHIELD LTD,AU000000DRO2,TDG,XGAT,220,"1,5660",EUR,"−344,52",EUR,"−344,52",,"0,00","−3,90","−348,42",,d4da0833-e7b2-4af2-a7a5-ed5cc9c33c50
14-11-2025,11:20,AIRBUS SE,NL0000235190,XET,XETA,8,"204,4000",EUR,"−1635,20",EUR,"−1635,20",,"0,00","−4,90","−1640,10",,aab4cdea-3051-4458-8fb3-2aef578b1731
12-11-2025,18:51,ADOBE INC,US00724F1012,NDQ,XNAS,−5,"337,1000",USD,"1685,50",USD,"1454,03","1,1592","−3,64","−2,00","1452,03",,109af4c0-599f-4abb-a263-c292853a5f34
11-11-2025,15:59,META PLATFORMS INC CLASS A,US30303M1027,NDQ,ARCX,3,"626,0000",USD,"−1878,00",USD,"−1618,98","1,1600","−4,05","−2,00","−1620,98",,ef9cbbeb-7c4b-4d4b-81f7-701f0ea2bac3
11-11-2025,15:38,NVIDIA CORP,US67066G1040,NDQ,JNST,5,"194,6700",USD,"−973,35",USD,"−838,88","1,1603","−2,10","−2,00","−840,88",,c547615b-7ba5-4b65-81c1-91fb3fc50233
11-11-2025,10:44,NOVO NORDISK A/S CLASS B,DK0062498333,OMK,XCSE,−30,"302,4000",DKK,"9072,00",DKK,"1214,81","7,4679","−3,04","−4,90","1209,91",,4e0d2ecf-c335-4445-b288-4bc0cf76af0a
11-11-2025,10:00,ADR ON BANCO BILBAO VIZCAYA ARGENTARIA SA,US05946K1016,FRA,FRAB,−100,"18,2000",EUR,"1820,00",EUR,"1820,00",,"0,00","−6,00","1814,00",,759fc19d-0f7e-4d90-bcdf-e6dadf11767b
05-11-2025,15:04,NORWEGIAN CRUISE LINE HOLDINGS LTD,BMG667211046,TDG,XGAT,49,"16,6960",EUR,"−818,10",EUR,"−818,10",,"0,00","−3,90","−822,00",,bcb4ac6a-a602-4a47-9135-877b2014af2b
05-11-2025,14:53,ADR ON BANCO BILBAO VIZCAYA ARGENTARIA SA,US05946K1016,FRA,FRAB,100,"17,5000",EUR,"−1750,00",EUR,"−1750,00",,"0,00","−6,00","−1756,00",,da11fa84-fabd-494f-96e4-c01e51d5ea63
04-11-2025,18:03,ADR ON CANAAN INC,US1347481020,NDQ,EDGA,−285,"1,1600",USD,"330,60",USD,"287,73","1,1490","−0,72","−2,00","285,73",,ba8f444a-2aa1-43ea-bd09-cdd7ea1402d9
04-11-2025,17:50,DECKERS OUTDOOR CORP,US2435371073,NSY,CDED,−10,"79,2950",USD,"792,95",USD,"690,13","1,1490","−1,73","−2,00","688,13",,36f4e6e4-e99a-41be-b252-c772da2d3487
04-11-2025,15:30,VERICEL CORP,US92346J1088,NDQ,XNAS,45,"36,2500",USD,"−1631,25",USD,"−1421,08","1,1479","−3,55","−2,00","−1423,08",327a839d-0dba-4513-a9c1-e0a5ffa9d113
04-11-2025,13:50,ROLLS-ROYCE HOLDINGS PLC,GB00B63H8491,LSE,MESI,−47,"1143,0000",GBX,"53721,00",GBX,"611,02","87,9198","−1,53",,"611,02",ec860c54-099b-4514-82e6-dc7e8e046473
04-11-2025,13:50,ROLLS-ROYCE HOLDINGS PLC,GB00B63H8491,LSE,XLON,−48,"1143,0000",GBX,"54864,00",GBX,"624,02","87,9198","−1,56","−4,90","619,12",ec860c54-099b-4514-82e6-dc7e8e046473
04-11-2025,11:21,VESTAS WIND SYSTEMS A/S,DK0061539921,OMK,XCSE,−100,"131,5000",DKK,"13150,00",DKK,"1761,40","7,4657","−4,40","−4,90","1756,50",5f836487-6d13-41a3-99f6-7004d22452c7
21-10-2025,10:07,VANGUARD FTSE ALL-WORLD UCITS - (USD) ACCUMULATING ETF,IE00BK5BQT80,XET,XETA,6,"142,8400",EUR,"−857,04",EUR,"−857,04",,"0,00","−3,00","−860,04",ae34e2b7-bc12-4819-82b7-971c7ea12510
20-10-2025,13:01,NOVO NORDISK A/S CLASS B,DK0062498333,OMK,MESI,15,"354,5000",DKK,"−5317,50",DKK,"−712,00","7,4684","−1,78",,"−712,00",ecad134a-4bdf-4c69-be3e-4020f6df691b
20-10-2025,13:01,NOVO NORDISK A/S CLASS B,DK0062498333,OMK,XCSE,15,"354,5000",DKK,"−5317,50",DKK,"−712,00","7,4684","−1,78","−4,90","−716,90",ecad134a-4bdf-4c69-be3e-4020f6df691b
17-10-2025,12:40,PLS GROUP LTD,AU000000PLS0,TDG,XGAT,−1000,"1,3800",EUR,"1380,00",EUR,"1380,00",,"0,00","−3,90","1376,10",1a612a5b-a447-4b9e-bd7d-1bf2673d6d0d
15-10-2025,15:50,META PLATFORMS INC CLASS A,US30303M1027,NDQ,CDED,2,"716,3250",USD,"−1432,65",USD,"−1232,08","1,1628","−3,08","−2,00","−1234,08",b7589906-6ea7-4c1b-961e-e59932ee7b95
15-10-2025,12:53,SAAB AB CLASS B,SE0021921269,OMX,XSTO,−14,"494,0000",SEK,"6916,00",SEK,"627,37","11,0237","−1,57","−4,90","622,47",306f3756-9c6e-407c-a7e2-8796881cdd8b
14-10-2025,15:58,ADOBE INC,US00724F1012,NDQ,CDED,4,"335,2750",USD,"−1341,10",USD,"−1158,42","1,1577","−2,90","−2,00","−1160,42",884824c3-045e-422a-a913-19d165764712
14-10-2025,15:45,ELECTRA BATTERY MATERIALS CORPORATION,CA28474P7065,NDQ,CDED,70,"5,3900",USD,"−377,30",USD,"−325,88","1,1578","−0,81",,"−325,88",237a7a47-6cb8-41d1-a7a4-8c542e7e6688
14-10-2025,15:45,ELECTRA BATTERY MATERIALS CORPORATION,CA28474P7065,NDQ,CDED,50,"5,3900",USD,"−269,50",USD,"−232,77","1,1578","−0,58","−2,00","−234,77",237a7a47-6cb8-41d1-a7a4-8c542e7e6688
14-10-2025,13:16,SSAB AB CLASS A,SE0000171100,OMX,MESI,−100,"61,0000",SEK,"6100,00",SEK,"552,76","11,0355","−1,38",,"552,76",787b8f25-c79b-43d5-a824-0e25bd968282
14-10-2025,13:16,SSAB AB CLASS A,SE0000171100,OMX,XSTO,−100,"61,0000",SEK,"6100,00",SEK,"552,76","11,0355","−1,38","−4,90","547,86",787b8f25-c79b-43d5-a824-0e25bd968282
14-10-2025,13:10,NOVO NORDISK A/S CLASS B,DK0062498333,OMK,MESI,−8,"364,0000",DKK,"2912,00",DKK,"389,91","7,4684","−0,97",,"389,91",9cacf920-52ae-47c8-86c1-448e7895afbd
14-10-2025,13:10,NOVO NORDISK A/S CLASS B,DK0062498333,OMK,XCSE,−8,"364,0000",DKK,"2912,00",DKK,"389,91","7,4684","−0,97","−4,90","385,01",9cacf920-52ae-47c8-86c1-448e7895afbd
14-10-2025,10:12,PLATZER FASTIGHETER HOLDING AB (PUBL) CLASS B,SE0004977692,OMX,MESI,100,"75,6000",SEK,"−7560,00",SEK,"−686,64","11,0101","−1,72","−4,90","−691,54",4ec92d26-7df3-4434-89f3-98b5921652d1
13-10-2025,16:53,ELECTRA BATTERY MATERIALS CORPORATION,CA28474P7065,NDQ,JNST,−500,"4,9203",USD,"2460,15",USD,"2127,62","1,1563","−5,32","−2,00","2125,62",29e96e0d-a36b-4405-bd15-98dc270556cf
13-10-2025,09:23,SAAB AB CLASS B,SE0021921269,OMX,TOWR,14,"514,9000",SEK,"−7208,60",SEK,"−652,59","11,0461","−1,63","−4,90","−657,49",ee1f9956-68fd-4119-9550-b72bff7365ca
10-10-2025,21:31,ADOBE INC,US00724F1012,NDQ,ARCX,−2,"337,7000",USD,"675,40",USD,"581,59","1,1613","−1,45","−2,00","579,59",2399e3c1-7b50-4f2c-8055-fd999183fe39
10-10-2025,17:23,NVIDIA CORP,US67066G1040,NDQ,XNAS,7,"189,3000",USD,"−1325,10",USD,"−1140,47","1,1619","−2,85","−2,00","−1142,47",4b5f3f7d-e6fb-41f5-bbd6-4f8682005c79
10-10-2025,16:19,SONO GROUP NV,NL0015002AM0,NDQ,ARCX,−10,"9,0000",USD,"90,00",USD,"77,80","1,1568","−0,19",,"77,80",b3069feb-68cc-414f-8559-9088e31bd298
10-10-2025,16:19,SONO GROUP NV,NL0015002AM0,NDQ,ARCX,−3,"9,0000",USD,"27,00",USD,"23,34","1,1568","−0,06","−2,00","21,34",b3069feb-68cc-414f-8559-9088e31bd298
10-10-2025,10:29,PLS GROUP LTD,AU000000PLS0,TDG,XGAT,1000,"1,4882",EUR,"−1488,20",EUR,"−1488,20",,"0,00","−3,90","−1492,10",c4ab5543-9f0f-43d5-9685-71bd53999290
10-10-2025,09:23,AP MOELLER - MAERSK A/S CLASS B,DK0010244508,OMK,XCSE,−1,"12150,0000",DKK,"12150,00",DKK,"1627,19","7,4669","−4,07","−4,90","1622,29",7a1db2ca-2abd-4687-ac0d-8cfeccba0719
10-10-2025,09:14,PLATZER FASTIGHETER HOLDING AB (PUBL) CLASS B,SE0004977692,OMX,MESI,−75,"71,1000",SEK,"5332,50",SEK,"483,61","11,0263","−1,21",,"483,61",919edd03-e56b-420d-8f8f-130077b61c8d
10-10-2025,09:14,PLATZER FASTIGHETER HOLDING AB (PUBL) CLASS B,SE0004977692,OMX,XSTO,−75,"71,1000",SEK,"5332,50",SEK,"483,61","11,0263","−1,21","−4,90","478,71",919edd03-e56b-420d-8f8f-130077b61c8d
09-10-2025,20:41,NVIDIA CORP,US67066G1040,NDQ,XNAS,3,"192,3000",USD,"−576,90",USD,"−499,27","1,1555","−1,25","−2,00","−501,27",7ca274e4-99f1-45dc-9034-b76cd3ab9d1f
09-10-2025,15:48,ELECTRA BATTERY MATERIALS CORPORATION,CA28474P7065,NDQ,ARCX,100,"1,9000",USD,"−190,00",USD,"−163,85","1,1596","−0,41",,"−163,85",dc9dfb43-b313-41ae-a9c0-55a1ab1eb969
09-10-2025,15:48,ELECTRA BATTERY MATERIALS CORPORATION,CA28474P7065,NDQ,ARCX,200,"1,9000",USD,"−380,00",USD,"−327,70","1,1596","−0,82",,"−327,70",dc9dfb43-b313-41ae-a9c0-55a1ab1eb969
09-10-2025,15:48,ELECTRA BATTERY MATERIALS CORPORATION,CA28474P7065,NDQ,ARCX,100,"1,9000",USD,"−190,00",USD,"−163,85","1,1596","−0,41",,"−163,85",dc9dfb43-b313-41ae-a9c0-55a1ab1eb969
09-10-2025,15:48,ELECTRA BATTERY MATERIALS CORPORATION,CA28474P7065,NDQ,ARCX,100,"1,9000",USD,"−190,00",USD,"−163,85","1,1596","−0,41","−2,00","−165,85",dc9dfb43-b313-41ae-a9c0-55a1ab1eb969
07-10-2025,21:25,ELECTRA BATTERY MATERIALS CORPORATION,CA28474P7065,NDQ,ARCX,−176,"1,5900",USD,"279,84",USD,"240,19","1,1651","−0,60",,"240,19",a9b2b227-5032-4b99-a5e0-f3a62978e2fe
07-10-2025,21:25,ELECTRA BATTERY MATERIALS CORPORATION,CA28474P7065,NDQ,ARCX,−100,"1,5900",USD,"159,00",USD,"136,47","1,1651","−0,34",,"136,47",a9b2b227-5032-4b99-a5e0-f3a62978e2fe
07-10-2025,21:25,ELECTRA BATTERY MATERIALS CORPORATION,CA28474P7065,NDQ,ARCX,−93,"1,5900",USD,"147,87",USD,"126,92","1,1651","−0,32",,"126,92",a9b2b227-5032-4b99-a5e0-f3a62978e2fe
07-10-2025,21:25,ELECTRA BATTERY MATERIALS CORPORATION,CA28474P7065,NDQ,ARCX,−7,"1,5900",USD,"11,13",USD,"9,55","1,1651","−0,02",,"9,55",a9b2b227-5032-4b99-a5e0-f3a62978e2fe
07-10-2025,21:25,ELECTRA BATTERY MATERIALS CORPORATION,CA28474P7065,NDQ,ARCX,−123,"1,5900",USD,"195,57",USD,"167,86","1,1651","−0,42",,"167,86",a9b2b227-5032-4b99-a5e0-f3a62978e2fe
07-10-2025,21:25,ELECTRA BATTERY MATERIALS CORPORATION,CA28474P7065,NDQ,ARCX,−100,"1,5900",USD,"159,00",USD,"136,47","1,1651","−0,34",,"136,47",a9b2b227-5032-4b99-a5e0-f3a62978e2fe
07-10-2025,21:25,ELECTRA BATTERY MATERIALS CORPORATION,CA28474P7065,NDQ,ARCX,−201,"1,5900",USD,"319,59",USD,"274,30","1,1651","−0,69",,"274,30",a9b2b227-5032-4b99-a5e0-f3a62978e2fe
07-10-2025,21:25,ELECTRA BATTERY MATERIALS CORPORATION,CA28474P7065,NDQ,ARCX,−100,"1,5900",USD,"159,00",USD,"136,47","1,1651","−0,34",,"136,47",a9b2b227-5032-4b99-a5e0-f3a62978e2fe
07-10-2025,21:25,ELECTRA BATTERY MATERIALS CORPORATION,CA28474P7065,NDQ,ARCX,−100,"1,5900",USD,"159,00",USD,"136,47","1,1651","−0,34","−2,00","134,47",a9b2b227-5032-4b99-a5e0-f3a62978e2fe
19-09-2025,10:32,NOVO NORDISK A/S CLASS B,DK0062498333,OMK,XCSE,16,"395,5000",DKK,"−6328,00",DKK,"−847,81","7,4640","−2,12","−4,90","−852,71",b3eb1254-a850-4c87-9f17-ba7cc1a5187b
19-09-2025,09:12,AP MOELLER - MAERSK A/S CLASS B,DK0010244508,OMK,EUCC,1,"13355,0000",DKK,"−13355,00",DKK,"−1789,24","7,4641","−4,47","−4,90","−1794,14",730dd144-30a5-4f40-8add-b395ccdd54c4
18-09-2025,13:15,NOVO NORDISK A/S CLASS B,DK0062498333,OMK,XCSE,−40,"392,0000",DKK,"15680,00",DKK,"2100,59","7,4646","−5,25","−4,90","2095,69",e0de5887-8d1e-4cca-b9cf-e1ce1a550806
16-09-2025,16:40,ELECTRA BATTERY MATERIALS CORPORATION,CA28474P7065,NDQ,ARCX,100,"1,0400",USD,"−104,00",USD,"−87,82","1,1843","−0,22",,"−87,82",a1ed9625-32a3-4655-b136-cbe07ba59283
16-09-2025,16:40,ELECTRA BATTERY MATERIALS CORPORATION,CA28474P7065,NDQ,ARCX,100,"1,0400",USD,"−104,00",USD,"−87,82","1,1843","−0,22",,"−87,82",a1ed9625-32a3-4655-b136-cbe07ba59283
16-09-2025,16:40,ELECTRA BATTERY MATERIALS CORPORATION,CA28474P7065,NDQ,ARCX,700,"1,0400",USD,"−728,00",USD,"−614,71","1,1843","−1,54",,"−614,71",a1ed9625-32a3-4655-b136-cbe07ba59283
16-09-2025,16:40,ELECTRA BATTERY MATERIALS CORPORATION,CA28474P7065,NDQ,ARCX,100,"1,0400",USD,"−104,00",USD,"−87,82","1,1843","−0,22","−2,00","−89,82",a1ed9625-32a3-4655-b136-cbe07ba59283
16-09-2025,12:01,SSAB AB CLASS A,SE0000171100,OMX,XSTO,11,"54,7000",SEK,"−601,70",SEK,"−55,02","10,9351","−0,14",,"−55,02",c324892a-48fc-4e95-bfd2-4830876e1591
16-09-2025,12:01,SSAB AB CLASS A,SE0000171100,OMX,XSTO,2,"54,7000",SEK,"−109,40",SEK,"−10,00","10,9349","−0,03",,"−10,00",c324892a-48fc-4e95-bfd2-4830876e1591
16-09-2025,12:01,SSAB AB CLASS A,SE0000171100,OMX,XSTO,187,"54,7000",SEK,"−10228,90",SEK,"−935,43","10,9349","−2,34","−4,90","−940,33",c324892a-48fc-4e95-bfd2-4830876e1591
12-09-2025,14:56,AP MOELLER - MAERSK A/S CLASS B,DK0010244508,OMK,XCSE,−1,"13400,0000",DKK,"13400,00",DKK,"1795,20","7,4644","−4,49","−4,90","1790,30",7ee8fc71-0b69-435e-9cb8-99eaddecd775
10-09-2025,13:41,SONO GROUP NV,NL0015002AM0,NDQ,,13,"8,7900",USD,"−114,27",USD,"−97,38","1,1734","0,00",,"−97,38",
10-09-2025,13:41,SONO GROUP NV,NL0015002AM0,OTC,,−13,"8,7900",USD,"114,27",USD,"97,38","1,1734","0,00",,"97,38",
09-09-2025,16:16,AP MOELLER - MAERSK A/S CLASS B,DK0010244508,OMK,XCSE,1,"13280,0000",DKK,"−13280,00",DKK,"−1779,00","7,4649","−4,45","−4,90","−1783,90",56cd7224-b500-4cd1-8a66-98f4f24083b5
09-09-2025,10:03,AP MOELLER - MAERSK A/S CLASS B,DK0010244508,OMK,XCSE,−1,"13600,0000",DKK,"13600,00",DKK,"1821,21","7,4676","−4,55","−4,90","1816,31",3e0d1cd7-a79f-47aa-9810-52ac1170d045
09-09-2025,01:59,JINDALEE LITHIUM LTD,AU0000309577,ASX,ASXT,−500,"0,5800",AUD,"290,00",AUD,"162,58","1,7838","−0,41","−6,00","156,58",41c54fb3-256a-47b2-9eeb-e24ef0688eca
09-09-2025,01:59,AUSTAL LTD,AU000000ASB3,ASX,ASXT,−100,"8,5400",AUD,"854,00",AUD,"478,78","1,7837","−1,20","−6,00","472,78",385878c8-6782-4f2f-8f1e-c9677b0a2753
29-08-2025,12:01,ROLLS-ROYCE HOLDINGS PLC,GB00B63H8491,LSE,MESI,95,"1076,0000",GBX,"−102220,00",GBX,"−1178,61","86,7295","−2,95","−4,90","−1183,51",15c36b24-4e0a-4e69-97c6-d9dac1d2a225
29-08-2025,03:21,AUSTAL LTD,AU000000ASB3,ASX,ASXT,4,"7,7900",AUD,"−31,16",AUD,"−17,44","1,7864","−0,04",,"−17,44",d0d95892-da73-4ca9-8cb8-131f093781ac
29-08-2025,03:21,AUSTAL LTD,AU000000ASB3,ASX,ASXT,90,"7,7900",AUD,"−701,10",AUD,"−392,47","1,7864","−0,98",,"−392,47",d0d95892-da73-4ca9-8cb8-131f093781ac
29-08-2025,03:21,AUSTAL LTD,AU000000ASB3,ASX,ASXT,2,"7,7900",AUD,"−15,58",AUD,"−8,72","1,7864","−0,02",,"−8,72",d0d95892-da73-4ca9-8cb8-131f093781ac
29-08-2025,03:21,AUSTAL LTD,AU000000ASB3,ASX,ASXT,1,"7,7900",AUD,"−7,79",AUD,"−4,36","1,7864","−0,01",,"−4,36",d0d95892-da73-4ca9-8cb8-131f093781ac
29-08-2025,03:21,AUSTAL LTD,AU000000ASB3,ASX,ASXT,3,"7,7900",AUD,"−23,37",AUD,"−13,08","1,7864","−0,03","−6,00","−19,08",d0d95892-da73-4ca9-8cb8-131f093781ac
29-08-2025,03:17,JINDALEE LITHIUM LTD,AU0000309577,ASX,ASXT,500,"0,4000",AUD,"−200,00",AUD,"−112,00","1,7857","−0,28","−6,00","−118,00",1643f29f-0552-48ee-af63-878b1e0da833
27-08-2025,15:54,PLS GROUP LTD,AU000000PLS0,TDG,XGAT,−1300,"1,2900",EUR,"1677,00",EUR,"1677,00",,"0,00","−3,90","1673,10",6eecc725-e548-4017-85ab-b4860dfe77c1
20-08-2025,15:20,MELROSE INDUSTRIES PLC,GB00BNGDN821,LSE,XLON,−135,"586,0000",GBX,"79110,00",GBX,"914,15","86,5396","−2,29","−4,90","909,25",d0d0db2a-a92c-4de1-9ccf-7badfd8fcbe7
18-08-2025,09:34,NOVO NORDISK A/S CLASS B,DK0062498333,OMK,MESI,20,"338,6000",DKK,"−6772,00",DKK,"−907,33","7,4637","−2,27",,"−907,33",2d378fb4-d558-4fa4-8a2c-5d268c835024
18-08-2025,09:34,NOVO NORDISK A/S CLASS B,DK0062498333,OMK,XCSE,20,"338,6000",DKK,"−6772,00",DKK,"−907,33","7,4637","−2,27","−4,90","−912,23",2d378fb4-d558-4fa4-8a2c-5d268c835024
18-08-2025,09:20,SOLARIA ENERGIA Y MEDIO AMBIENTE SA,ES0165386014,MAD,MESI,−75,"12,4050",EUR,"930,38",EUR,"930,38",,"0,00",,"930,38",092f0aa0-f128-4af4-af3c-dff6d64519eb
18-08-2025,09:20,SOLARIA ENERGIA Y MEDIO AMBIENTE SA,ES0165386014,MAD,XMAD,−75,"12,4050",EUR,"930,38",EUR,"930,38",,"0,00","−4,90","925,48",092f0aa0-f128-4af4-af3c-dff6d64519eb
14-08-2025,12:50,PLS GROUP LTD,AU000000PLS0,TDG,XGAT,1300,"1,2102",EUR,"−1573,26",EUR,"−1573,26",,"0,00","−3,90","−1577,16",590b3f5e-d6f8-4456-aa4a-cfaad09296ff
08-08-2025,17:03,ALPHABET INC CLASS A,US02079K3059,NDQ,XNYS,−10,"202,0000",USD,"2020,00",USD,"1733,17","1,1655","−4,33","−2,00","1731,17",eaf08520-f2b4-4ba3-bc89-5ec1a1105022
01-08-2025,15:05,MELROSE INDUSTRIES PLC,GB00BNGDN821,LSE,MESI,67,"537,6000",GBX,"−36019,20",GBX,"−414,30","86,9399","−1,04",,"−414,30",f5f75e2c-ee74-4161-9275-93776f2393a9
01-08-2025,15:05,MELROSE INDUSTRIES PLC,GB00BNGDN821,LSE,XLON,68,"537,6000",GBX,"−36556,80",GBX,"−420,48","86,9399","−1,05","−4,90","−425,38",f5f75e2c-ee74-4161-9275-93776f2393a9
01-08-2025,12:03,NOVO NORDISK A/S CLASS B,DK0062498333,OMK,XCSE,−21,"304,0000",DKK,"6384,00",DKK,"855,46","7,4627","−2,14","−4,90","850,56",21df3559-36cf-4aca-8aa4-46d42273701c
28-07-2025,13:30,STOLT-NIELSEN LTD,BMG850801025,OSL,MESI,17,"308,0000",NOK,"−5236,00",NOK,"−440,88","11,8761","−1,10",,"−440,88",d2c0af2a-9033-433b-8f53-79083b1e5a4d
28-07-2025,13:30,STOLT-NIELSEN LTD,BMG850801025,OSL,XOSL,18,"308,0000",NOK,"−5544,00",NOK,"−466,82","11,8761","−1,17","−4,90","−471,72",d2c0af2a-9033-433b-8f53-79083b1e5a4d
28-07-2025,09:17,VESTAS WIND SYSTEMS A/S,DK0061539921,OMK,MESI,100,"126,7500",DKK,"−12675,00",DKK,"−1698,25","7,4636","−4,25","−4,90","−1703,15",3f2f353c-349f-4416-875c-cb478a231eb1
28-07-2025,09:00,VESTAS WIND SYSTEMS A/S,DK0061539921,OMK,XCSE,−95,"127,5000",DKK,"12112,50",DKK,"1622,86","7,4637","−4,06","−4,90","1617,96",cdac18f3-c40a-4691-baf1-274ab554ff9b
25-07-2025,17:37,NORWEGIAN CRUISE LINE HOLDINGS LTD,BMG667211046,TDG,XGAT,−35,"19,9700",EUR,"698,95",EUR,"698,95",,"0,00","−3,90","695,05",afcfccac-4915-4c91-8262-e2225f1d63b5
25-07-2025,11:03,DRONESHIELD LTD,AU000000DRO2,TDG,XGAT,−200,"1,6000",EUR,"320,00",EUR,"320,00",,"0,00","−3,90","316,10",36fcab83-7f95-468c-81e7-224ee5d6230c
22-07-2025,09:10,NOVO NORDISK A/S CLASS B,DK0062498333,OMK,XCSE,8,"415,0000",DKK,"−3320,00",DKK,"−444,73","7,4652","−1,11","−4,90","−449,63",7aab5abe-c15b-4a38-bd52-74a0607df6ba
21-07-2025,17:57,ALPHABET INC CLASS A,US02079K3059,NDQ,XNAS,10,"188,5000",USD,"−1885,00",USD,"−1610,71","1,1703","−4,03","−2,00","−1612,71",044e8543-78a4-4ba8-ae37-6e63cd68f074
18-07-2025,15:30,MODERNA INC,US60770K1079,NDQ,XNAS,60,"32,3000",USD,"−1938,00",USD,"−1661,68","1,1663","−4,15","−2,00","−1663,68",6acc1e77-15ba-4d21-bbce-5fe63d53c196
18-07-2025,15:17,TUI AG,DE000TUAG505,TDG,XGAT,−180,"7,8200",EUR,"1407,60",EUR,"1407,60",,"0,00","−3,90","1403,70",cd2552e1-128f-49a2-8761-daa476031dd0
18-07-2025,11:59,SOLARIA ENERGIA Y MEDIO AMBIENTE SA,ES0165386014,MAD,MESI,75,"10,5500",EUR,"−791,25",EUR,"−791,25",,"0,00",,"−791,25",f2969ec9-4dff-4948-b579-8455f732e2bd
18-07-2025,11:59,SOLARIA ENERGIA Y MEDIO AMBIENTE SA,ES0165386014,MAD,XMAD,75,"10,5500",EUR,"−791,25",EUR,"−791,25",,"0,00","−4,90","−796,15",f2969ec9-4dff-4948-b579-8455f732e2bd
18-07-2025,11:49,MODERNA INC,US60770K1079,TDG,XGAT,−50,"27,9600",EUR,"1398,00",EUR,"1398,00",,"0,00","−3,90","1394,10",b9f8f3fc-a66f-40aa-81e3-13c043d94e0b
17-07-2025,16:01,ADVANCED MICRO DEVICES INC,US0079031078,NDQ,XNAS,−17,"160,9000",USD,"2735,30",USD,"2361,08","1,1585","−5,90","−2,00","2359,08",65684697-0442-4ffb-bf87-b2c72d638fa0
17-07-2025,15:44,PARROT SA,FR0004038263,EPA,XPAR,−100,"11,9500",EUR,"1195,00",EUR,"1195,00",,"0,00","−4,90","1190,10",59228ccc-0309-4af6-a2f1-a57ecdab3c67
15-07-2025,15:14,DRONESHIELD LTD,AU000000DRO2,TDG,XGAT,200,"2,2350",EUR,"−447,00",EUR,"−447,00",,"0,00","−3,90","−450,90",7437aa0f-cb5f-480f-b228-b0abde6c8cd7
15-07-2025,09:00,PARROT SA,FR0004038263,EPA,XPAR,100,"10,5000",EUR,"−1050,00",EUR,"−1050,00",,"0,00","−4,90","−1054,90",94377df6-c692-4135-9e49-efde90718311
11-07-2025,11:10,STOLT-NIELSEN LTD,BMG850801025,OSL,MESI,−30,"298,0000",NOK,"8940,00",NOK,"755,40","11,8348","−1,89",,"755,40",f9a81193-a26e-41cf-a8b9-eadff54e1403
11-07-2025,11:10,STOLT-NIELSEN LTD,BMG850801025,OSL,XOSL,−30,"298,0000",NOK,"8940,00",NOK,"755,40","11,8348","−1,89","−4,90","750,50",f9a81193-a26e-41cf-a8b9-eadff54e1403
26-06-2025,11:59,PLATZER FASTIGHETER HOLDING AB (PUBL) CLASS B,SE0004977692,OMX,MESI,70,"80,7000",SEK,"−5649,00",SEK,"−509,86","11,0795","−1,27",,"−509,86",8ef17804-0f41-4e92-bab7-ddb886a15d3e
26-06-2025,11:59,PLATZER FASTIGHETER HOLDING AB (PUBL) CLASS B,SE0004977692,OMX,XSTO,9,"80,7000",SEK,"−726,30",SEK,"−65,55","11,0795","−0,16",,"−65,55",8ef17804-0f41-4e92-bab7-ddb886a15d3e
26-06-2025,11:57,PLATZER FASTIGHETER HOLDING AB (PUBL) CLASS B,SE0004977692,OMX,XSTO,11,"80,7000",SEK,"−887,70",SEK,"−80,11","11,0813","−0,20",,"−80,11",8ef17804-0f41-4e92-bab7-ddb886a15d3e
26-06-2025,11:51,PLATZER FASTIGHETER HOLDING AB (PUBL) CLASS B,SE0004977692,OMX,XSTO,50,"80,7000",SEK,"−4035,00",SEK,"−364,13","11,0811","−0,91","−4,90","−369,03",8ef17804-0f41-4e92-bab7-ddb886a15d3e
26-06-2025,11:13,BYD CO LTD,CNE100000296,TDG,XGAT,−70,"13,7300",EUR,"961,10",EUR,"961,10",,"0,00","−3,90","957,20",4996d5c5-6126-41f1-9199-c0d793e8a2a5
25-06-2025,10:50,BYD CO LTD,CNE100000296,TDG,XGAT,70,"14,3350",EUR,"−1003,45",EUR,"−1003,45",,"0,00","−3,90","−1007,35",d8ff2a85-2a16-4c08-a64a-66649afac436
24-06-2025,11:21,RHEINMETALL AG,DE0007030009,TDG,XGAT,−1,"1730,0000",EUR,"1730,00",EUR,"1730,00",,"0,00","−3,90","1726,10",baad2430-aeee-4157-b300-57d9c01cd766
26-05-2025,10:01,NOVO NORDISK A/S CLASS B,DK0062498333,OMK,EUCC,13,"454,8000",DKK,"−5912,40",DKK,"−792,63","7,4593","−1,98","−4,90","−797,53",f2c7fd3b-a918-4a37-bac2-de0e816153d5
23-05-2025,13:50,MODERNA INC,US60770K1079,TDG,XGAT,50,"23,6000",EUR,"−1180,00",EUR,"−1180,00",,"0,00","−3,90","−1183,90",89549f7b-cb3f-4473-98bf-654d627f6963
23-05-2025,09:05,RHEINMETALL AG,DE0007030009,TDG,XGAT,1,"1771,0000",EUR,"−1771,00",EUR,"−1771,00",,"0,00","−3,90","−1774,90",55d1d846-3830-467b-8a14-eaa85e2912e4
22-05-2025,15:56,MICROSOFT CORP,US5949181045,NDQ,BATS,−5,"458,0000",USD,"2290,00",USD,"2028,90","1,1287","−5,07","−2,00","2026,90",ca67ea18-57b0-4888-bf0e-d0cfb138139c
22-05-2025,15:53,AMAZON.COM INC,US0231351067,NDQ,BATS,−10,"202,5000",USD,"2025,00",USD,"1794,11","1,1287","−4,49","−2,00","1792,11",27aa2659-ebb0-4a64-afe3-ceb88f402885
20-05-2025,15:48,NORWEGIAN CRUISE LINE HOLDINGS LTD,BMG667211046,TDG,XGAT,35,"16,2400",EUR,"−568,40",EUR,"−568,40",,"0,00","−3,90","−572,30",4d50826a-9b78-4dd9-b011-b8a5641aeee6
15-05-2025,21:02,DECKERS OUTDOOR CORP,US2435371073,NSY,BATS,10,"126,9000",USD,"−1269,00",USD,"−1135,58","1,1175","−2,84","−2,00","−1137,58",6b43b515-c288-4bbd-8da7-f4f77b56bec1
15-05-2025,14:39,NORWEGIAN CRUISE LINE HOLDINGS LTD,BMG667211046,TDG,XGAT,−65,"17,3200",EUR,"1125,80",EUR,"1125,80",,"0,00","−3,90","1121,90",fa7f1587-812a-4001-9933-ee5ec840fb2b
14-05-2025,17:44,ALPHABET INC CLASS A,US02079K3059,NDQ,ARCX,−7,"165,3000",USD,"1157,10",USD,"1032,95","1,1202","−2,58","−2,00","1030,95",7e7ce6e2-c82e-4417-96a4-005590368f72
14-05-2025,09:20,STOLT-NIELSEN LTD,BMG850801025,OSL,MESI,30,"258,0000",NOK,"−7740,00",NOK,"−668,57","11,5770","−1,67",,"−668,57",8e2993aa-61c2-4177-b04e-2b7e6fa3914e
14-05-2025,09:20,STOLT-NIELSEN LTD,BMG850801025,OSL,XOSL,30,"258,0000",NOK,"−7740,00",NOK,"−668,57","11,5770","−1,67","−4,90","−673,47",8e2993aa-61c2-4177-b04e-2b7e6fa3914e
13-05-2025,15:37,STOLT-NIELSEN LTD,BMG850801025,OSL,MESI,−42,"252,5000",NOK,"10605,00",NOK,"915,25","11,5869","−2,29",,"915,25",5276f302-511f-41b0-875e-54b36737e2f6
13-05-2025,15:37,STOLT-NIELSEN LTD,BMG850801025,OSL,XOSL,−43,"252,5000",NOK,"10857,50",NOK,"937,05","11,5869","−2,34","−4,90","932,15",5276f302-511f-41b0-875e-54b36737e2f6
12-05-2025,16:52,ADVANCED MICRO DEVICES INC,US0079031078,NDQ,ARCX,6,"107,5000",USD,"−645,00",USD,"−580,35","1,1114","−1,45","−2,00","−582,35",85b2b159-7cfb-43be-ab65-437bd5dc3833
02-05-2025,15:30,AMAZON.COM INC,US0231351067,NDQ,XNAS,10,"190,0000",USD,"−1900,00",USD,"−1674,02","1,1350","−4,19","−2,00","−1676,02",4301f8f8-67a9-4a04-aabd-5ca350937dad
02-05-2025,14:42,PLATZER FASTIGHETER HOLDING AB (PUBL) CLASS B,SE0004977692,OMX,MESI,75,"77,5000",SEK,"−5812,50",SEK,"−531,06","10,9451","−1,33",,"−531,06",1e70902e-59ca-40e5-910f-652db9846293
02-05-2025,14:42,PLATZER FASTIGHETER HOLDING AB (PUBL) CLASS B,SE0004977692,OMX,XSTO,33,"77,5000",SEK,"−2557,50",SEK,"−233,67","10,9451","−0,58",,"−233,67",1e70902e-59ca-40e5-910f-652db9846293
02-05-2025,13:50,PLATZER FASTIGHETER HOLDING AB (PUBL) CLASS B,SE0004977692,OMX,XSTO,3,"77,5000",SEK,"−232,50",SEK,"−21,25","10,9417","−0,05",,"−21,25",1e70902e-59ca-40e5-910f-652db9846293
02-05-2025,13:46,PLATZER FASTIGHETER HOLDING AB (PUBL) CLASS B,SE0004977692,OMX,XSTO,39,"77,5000",SEK,"−3022,50",SEK,"−276,37","10,9362","−0,69","−4,90","−281,27",1e70902e-59ca-40e5-910f-652db9846293
30-04-2025,13:54,RHEINMETALL AG,DE0007030009,TDG,XGAT,−1,"1480,0000",EUR,"1480,00",EUR,"1480,00",,"0,00","−3,90","1476,10",93fe9ae6-f769-41af-98ee-8d988fd19a98
29-04-2025,16:56,MICROSOFT CORP,US5949181045,NDQ,ARCX,−5,"394,4000",USD,"1972,00",USD,"1732,72","1,1381","−4,33","−2,00","1730,72",a46e8e7d-0759-4888-a1a5-cce1a8c4eab7
25-04-2025,15:34,ALPHABET INC CLASS A,US02079K3059,NDQ,EDGX,7,"165,3000",USD,"−1157,10",USD,"−1020,83","1,1335","−2,55","−2,00","−1022,83",b9b98617-a61c-4b13-96c3-46b62038486e
25-04-2025,11:45,NORWEGIAN CRUISE LINE HOLDINGS LTD,BMG667211046,TDG,XGAT,65,"15,2800",EUR,"−993,20",EUR,"−993,20",,"0,00","−3,90","−997,10",cec1743a-3c5e-4684-aaf6-16e9b673ca05
24-04-2025,20:09,DRONESHIELD LTD,AU000000DRO2,TDG,XGAT,−3100,"0,6850",EUR,"2123,50",EUR,"2123,50",,"0,00","−3,90","2119,60",9fe8b659-408a-4212-aa60-c5576a0e500e
10-04-2025,09:10,DRONESHIELD LTD,AU000000DRO2,TDG,XGAT,1100,"0,5350",EUR,"−588,50",EUR,"−588,50",,"0,00","−3,90","−592,40",50cccce5-4c7b-46d5-a257-138ab07481a9
10-04-2025,09:07,RHEINMETALL AG,DE0007030009,TDG,XGAT,1,"1367,0000",EUR,"−1367,00",EUR,"−1367,00",,"0,00","−3,90","−1370,90",2c9b9c0c-f8a5-447d-bca9-e21f3d09a681
09-04-2025,20:37,NVIDIA CORP,US67066G1040,NDQ,BATS,−1,"112,0000",USD,"112,00",USD,"102,19","1,0960","−0,26","−2,00","100,19",d0110b67-ae6a-4c38-bc5a-c602812a8b11
09-04-2025,20:24,S&P GLOBAL INC,US78409V1044,NSY,XNAS,−4,"465,0000",USD,"1860,00",USD,"1700,04","1,0941","−4,25","−2,00","1698,04",d49942e5-a66e-440b-89fc-291c230a2654
09-04-2025,19:38,S&P GLOBAL INC,US78409V1044,NSY,XNAS,4,"462,1100",USD,"−1848,44",USD,"−1683,16","1,0982","−4,21","−2,00","−1685,16",97c9d0b4-081c-455b-8faf-f8dcb0658304
09-04-2025,19:34,NVIDIA CORP,US67066G1040,NDQ,XNYS,−18,"109,0000",USD,"1962,00",USD,"1787,55","1,0976","−4,47","−2,00","1785,55",6d9a676f-7412-47fe-be40-adf7aeb6efd0
07-04-2025,16:36,NVIDIA CORP,US67066G1040,NDQ,XNYS,19,"93,0000",USD,"−1767,00",USD,"−1614,15","1,0947","−4,04","−2,00","−1616,15",ffebeb77-98cc-4857-9ae9-34f7be270a23
07-04-2025,11:46,STOLT-NIELSEN LTD,BMG850801025,OSL,MESI,85,"206,0000",NOK,"−17510,00",NOK,"−1465,97","11,9443","−3,66","−4,90","−1470,87",acd16e59-e4d5-4354-afce-537f33597607
04-04-2025,19:48,NVIDIA CORP,US67066G1040,NDQ,BATS,−18,"95,0000",USD,"1710,00",USD,"1561,51","1,0951","−3,90","−2,00","1559,51",2d6c1c99-2d7b-4f42-98a5-5d51d3d747c1
04-04-2025,19:26,AMAZON.COM INC,US0231351067,NDQ,ARCX,−10,"175,0000",USD,"1750,00",USD,"1600,81","1,0932","−4,00","−2,00","1598,81",d7bc6302-d568-4154-829a-861e66db9b2a
03-04-2025,19:18,AMAZON.COM INC,US0231351067,NDQ,XNAS,10,"181,5000",USD,"−1815,00",USD,"−1645,08","1,1033","−4,11","−2,00","−1647,08",44f3279b-f704-443a-910b-d3d5e4745844
03-04-2025,18:27,NVIDIA CORP,US67066G1040,NDQ,MEMX,18,"103,4000",USD,"−1861,20",USD,"−1685,73","1,1041","−4,21","−2,00","−1687,73",ce1bc16b-cf3a-4758-a7ba-127a1413d4bf
03-04-2025,17:43,APPLE INC,US0378331005,NDQ,ARCX,−8,"206,0000",USD,"1648,00",USD,"1491,95","1,1046","−3,73","−2,00","1489,95",8ce0b31a-27a2-470c-a120-f7ea12e8a52a
03-04-2025,17:19,NETFLIX INC,US64110L1061,NDQ,BATS,−2,"923,0000",USD,"1846,00",USD,"1665,62","1,1083","−4,16","−2,00","1663,62",96b3fbb3-2390-4d5e-8ad2-b111480bd951
28-03-2025,12:03,DRONESHIELD LTD,AU000000DRO2,TDG,XGAT,2000,"0,5520",EUR,"−1104,00",EUR,"−1104,00",,"0,00","−3,90","−1107,90",67525cde-411c-4147-9cfa-31e4efad18da
28-03-2025,11:39,SSAB AB CLASS A,SE0000171100,OMX,XSTO,−160,"65,0000",SEK,"10400,00",SEK,"960,04","10,8328","−2,40","−4,90","955,14",fd08747a-fbb9-4bf3-b5f5-86840e8177ad
14-03-2025,17:25,NETFLIX INC,US64110L1061,NDQ,XNAS,2,"914,2000",USD,"−1828,40",USD,"−1680,68","1,0879","−4,20","−2,00","−1682,68",98d5e644-456d-4cdb-94a1-17f09caa7c94
14-03-2025,11:04,LEONARDO SPA,IT0003856405,MIL,MTAA,−40,"45,9000",EUR,"1836,00",EUR,"1836,00",,"0,00","−4,90","1831,10",18f68ebc-bedd-458d-9c17-f7c8aee0b39b
14-03-2025,09:58,SSAB AB CLASS A,SE0000171100,OMX,MESI,160,"68,9000",SEK,"−11024,00",SEK,"−996,87","11,0586","−2,49","−4,90","−1001,77",7185ffc0-893a-4c7c-87a5-b3beda002b45
14-03-2025,09:30,THALES SA,FR0000121329,EPA,XPAR,−4,"243,0000",EUR,"972,00",EUR,"972,00",,"0,00","−4,90","967,10",99d8a076-59cb-4da5-b482-6668b0ee49bc
13-03-2025,10:42,VESTAS WIND SYSTEMS A/S,DK0061539921,OMK,MESI,47,"104,3000",DKK,"−4902,10",DKK,"−657,18","7,4593","−1,64",,"−657,18",fdb25613-29a5-4e28-ad17-7fdec2d0efe3
13-03-2025,10:42,VESTAS WIND SYSTEMS A/S,DK0061539921,OMK,XCSE,48,"104,3000",DKK,"−5006,40",DKK,"−671,17","7,4593","−1,68","−4,90","−676,07",fdb25613-29a5-4e28-ad17-7fdec2d0efe3
13-03-2025,10:08,DRONESHIELD LTD,AU000000DRO2,TDG,XGAT,−2000,"0,5760",EUR,"1152,00",EUR,"1152,00",,"0,00","−3,90","1148,10",7e1fb3b9-b6a4-4e2b-87df-f88a21ff804b
06-03-2025,09:05,THALES SA,FR0000121329,EPA,XPAR,4,"254,0000",EUR,"−1016,00",EUR,"−1016,00",,"0,00","−4,90","−1020,90",de404df2-275d-45e3-a759-5fb0b04cc292
05-03-2025,11:39,DRONESHIELD LTD,AU000000DRO2,TDG,XGAT,2000,"0,4650",EUR,"−930,00",EUR,"−930,00",,"0,00","−3,90","−933,90",6ec8759e-5226-4e9f-b8fb-59d18023fd32
04-03-2025,13:30,PARROT SA,FR0004038263,EPA,XPAR,−43,"5,3600",EUR,"230,48",EUR,"230,48",,"0,00",,"230,48",9a512ea9-5000-4c38-9751-076c789c24ee
04-03-2025,13:28,PARROT SA,FR0004038263,EPA,XPAR,−357,"5,3600",EUR,"1913,52",EUR,"1913,52",,"0,00","−4,90","1908,62",9a512ea9-5000-4c38-9751-076c789c24ee
03-03-2025,10:32,LEONARDO SPA,IT0003856405,MIL,MTAA,40,"43,1000",EUR,"−1724,00",EUR,"−1724,00",,"0,00","−4,90","−1728,90",9b7ab5a1-03c7-486c-848d-e93e06387619
03-03-2025,10:10,BAE SYSTEMS PLC,GB0002634946,XET,XETB,−90,"19,7400",EUR,"1776,60",EUR,"1776,60",,"0,00","−4,90","1771,70",9ef27835-07d9-4dad-97a4-0a00af2298be
25-02-2025,15:44,TUI AG,DE000TUAG505,TDG,XGAT,180,"7,0200",EUR,"−1263,60",EUR,"−1263,60",,"0,00","−3,90","−1267,50",330c21f6-b768-4a3a-8771-3f53c65af8e3
25-02-2025,15:37,ADR ON LI AUTO INC,US50202M1027,NDQ,CDED,−45,"29,8350",USD,"1342,58",USD,"1278,77","1,0499","−3,20","−2,00","1276,77",a46bbdd7-470b-4bc3-bb8b-4a63915098d5
25-02-2025,14:44,BAE SYSTEMS PLC,GB0002634946,XET,XETB,69,"16,4700",EUR,"−1136,43",EUR,"−1136,43",,"0,00",,"−1136,43",5a045fd0-c6bf-48f9-82c5-18e94d2b064a
25-02-2025,14:44,BAE SYSTEMS PLC,GB0002634946,XET,XETB,21,"16,4700",EUR,"−345,87",EUR,"−345,87",,"0,00","−4,90","−350,77",5a045fd0-c6bf-48f9-82c5-18e94d2b064a
25-02-2025,13:08,NORWEGIAN AIR SHUTTLE ASA,NO0010196140,OSL,XOSL,−1440,"11,2000",NOK,"16128,00",NOK,"1382,84","11,6629","−3,46","−4,90","1377,94",a8c5b79e-3037-435f-9f57-b15e98ad1372
20-02-2025,09:09,PARROT SA,FR0004038263,EPA,XPAR,366,"4,9300",EUR,"−1804,38",EUR,"−1804,38",,"0,00",,"−1804,38",f025cd39-0f2e-48ca-a716-d95c2c5a49de
20-02-2025,09:09,PARROT SA,FR0004038263,EPA,XPAR,34,"4,9300",EUR,"−167,62",EUR,"−167,62",,"0,00","−4,90","−172,52",f025cd39-0f2e-48ca-a716-d95c2c5a49de
19-02-2025,18:29,BAE SYSTEMS PLC,GB0002634946,TDG,XGAT,−120,"16,7000",EUR,"2004,00",EUR,"2004,00",,"0,00","−3,90","2000,10",6298f74d-cd67-4eca-9b49-3baf0a8f609b
07-02-2025,18:07,ADR ON LI AUTO INC,US50202M1027,NDQ,BATS,−5,"26,1600",USD,"130,80",USD,"126,50","1,0340","−0,32","−2,00","124,50",b96659ce-0a47-4238-9bd4-a26d5743e859
05-02-2025,09:07,CIVITAS RES INC WT EXP CL A,US17888H1115,OTC,,−11,"0,0000",USD,"0,00",USD,"0,00","1,0383","0,00",,"0,00",
24-01-2025,10:53,NORWEGIAN AIR SHUTTLE ASA,NO0010196140,OSL,MESI,120,"10,7000",NOK,"−1284,00",NOK,"−109,16","11,7629","−0,27",,"−109,16",49250055-e5bd-4cfc-b29b-5792ca1f0e32
24-01-2025,10:53,NORWEGIAN AIR SHUTTLE ASA,NO0010196140,OSL,XOSL,120,"10,7000",NOK,"−1284,00",NOK,"−109,16","11,7629","−0,27","−4,90","−114,06",49250055-e5bd-4cfc-b29b-5792ca1f0e32
23-01-2025,15:53,APPLE INC,US0378331005,NDQ,CDED,8,"225,2600",USD,"−1802,08",USD,"−1731,45","1,0408","−4,33","−2,00","−1733,45",e4c962c7-3f3d-4366-95bc-7d6fe55fd310
23-01-2025,12:31,INVISIO AB,SE0001200015,OMX,MESI,−30,"329,0000",SEK,"9870,00",SEK,"860,40","11,4714","−2,15",,"860,40",dcdeec08-c992-4175-ab33-a98e07eb4ff3
23-01-2025,12:31,INVISIO AB,SE0001200015,OMX,XSTO,−30,"329,0000",SEK,"9870,00",SEK,"860,40","11,4714","−2,15","−4,90","855,50",dcdeec08-c992-4175-ab33-a98e07eb4ff3
06-01-2025,00:00,SONO GROUP NV,NL0015000N74,OTC,,−1000,"0,0951",USD,"95,10",USD,"91,97","1,0340","0,00",,"91,97",
06-01-2025,00:00,SONO GROUP NV,NL0015002AM0,OTC,,13,"7,1325",USD,"−92,72",USD,"−89,67","1,0340","0,00",,"−89,67",
